Close,Date
133.75,2010-10-11
130.899994,2010-10-12
133.350006,2010-10-13
132.899994,2010-10-14
130.0,2010-10-15
129.699997,2010-10-18
129.699997,2010-10-19
129.149994,2010-10-20
130.300003,2010-10-21
128.600006,2010-10-22
128.5,2010-10-25
127.400002,2010-10-26
126.900002,2010-10-27
128.850006,2010-10-28
124.449997,2010-10-29
124.800003,2010-11-01
125.349998,2010-11-02
124.699997,2010-11-03
124.25,2010-11-04
125.349998,2010-11-08
127.449997,2010-11-09
131.800003,2010-11-10
128.100006,2010-11-11
124.800003,2010-11-12
124.699997,2010-11-15
121.099998,2010-11-16
119.150002,2010-11-18
118.599998,2010-11-19
119.650002,2010-11-22
117.449997,2010-11-23
116.900002,2010-11-24
110.5,2010-11-25
112.650002,2010-11-26
113.050003,2010-11-29
113.0,2010-11-30
114.900002,2010-12-01
115.650002,2010-12-02
113.650002,2010-12-03
114.650002,2010-12-06
115.050003,2010-12-07
114.849998,2010-12-08
111.150002,2010-12-09
110.75,2010-12-10
112.699997,2010-12-13
114.199997,2010-12-14
114.699997,2010-12-15
114.75,2010-12-16
115.0,2010-12-20
115.699997,2010-12-21
113.900002,2010-12-22
112.699997,2010-12-23
112.449997,2010-12-24
109.949997,2010-12-27
109.599998,2010-12-28
109.75,2010-12-29
107.949997,2010-12-30
108.349998,2010-12-31
111.5,2011-01-03
113.0,2011-01-04
112.150002,2011-01-05
110.300003,2011-01-06
108.099998,2011-01-07
104.0,2011-01-10
104.0,2011-01-11
104.099998,2011-01-12
103.400002,2011-01-13
104.550003,2011-01-14
104.75,2011-01-17
104.800003,2011-01-18
105.099998,2011-01-19
106.75,2011-01-20
105.550003,2011-01-21
106.0,2011-01-24
106.150002,2011-01-25
105.599998,2011-01-27
100.0,2011-01-28
99.400002,2011-01-31
98.099998,2011-02-01
97.75,2011-02-02
96.050003,2011-02-03
95.099998,2011-02-04
95.699997,2011-02-07
92.699997,2011-02-08
88.050003,2011-02-09
88.150002,2011-02-10
91.449997,2011-02-11
94.400002,2011-02-14
95.5,2011-02-15
94.550003,2011-02-16
100.900002,2011-02-17
94.650002,2011-02-18
96.300003,2011-02-21
96.449997,2011-02-22
95.25,2011-02-23
88.199997,2011-02-24
88.650002,2011-02-25
89.150002,2011-02-28
91.0,2011-03-01
90.5,2011-03-03
90.800003,2011-03-04
88.849998,2011-03-07
93.449997,2011-03-08
96.0,2011-03-09
96.5,2011-03-10
101.300003,2011-03-11
102.050003,2011-03-14
98.550003,2011-03-15
98.949997,2011-03-16
97.400002,2011-03-17
97.400002,2011-03-18
98.25,2011-03-21
97.849998,2011-03-22
97.849998,2011-03-23
99.050003,2011-03-24
98.050003,2011-03-25
98.400002,2011-03-28
96.050003,2011-03-29
97.0,2011-03-30
97.75,2011-03-31
100.650002,2011-04-01
101.849998,2011-04-04
105.300003,2011-04-05
106.150002,2011-04-06
108.349998,2011-04-07
104.550003,2011-04-08
102.699997,2011-04-11
103.349998,2011-04-13
103.099998,2011-04-15
100.300003,2011-04-18
101.599998,2011-04-19
102.050003,2011-04-20
103.0,2011-04-21
102.199997,2011-04-25
104.25,2011-04-26
104.199997,2011-04-27
102.75,2011-04-28
100.800003,2011-04-29
99.949997,2011-05-02
99.199997,2011-05-03
97.949997,2011-05-04
96.550003,2011-05-05
97.599998,2011-05-06
97.449997,2011-05-09
99.650002,2011-05-10
100.5,2011-05-11
97.849998,2011-05-12
99.199997,2011-05-13
97.349998,2011-05-16
96.5,2011-05-17
96.150002,2011-05-18
96.0,2011-05-19
97.050003,2011-05-20
95.599998,2011-05-23
92.050003,2011-05-24
87.800003,2011-05-25
85.900002,2011-05-26
88.300003,2011-05-27
86.800003,2011-05-30
87.5,2011-05-31
91.599998,2011-06-01
93.849998,2011-06-02
93.300003,2011-06-03
93.050003,2011-06-06
94.25,2011-06-07
98.199997,2011-06-08
96.650002,2011-06-09
95.800003,2011-06-10
99.949997,2011-06-13
99.800003,2011-06-14
98.650002,2011-06-15
97.050003,2011-06-16
98.349998,2011-06-17
93.300003,2011-06-20
92.400002,2011-06-21
90.400002,2011-06-22
90.699997,2011-06-23
91.800003,2011-06-24
92.400002,2011-06-27
92.650002,2011-06-28
93.0,2011-06-29
96.550003,2011-06-30
97.849998,2011-07-01
104.400002,2011-07-04
102.949997,2011-07-05
103.300003,2011-07-06
104.800003,2011-07-07
100.0,2011-07-08
101.300003,2011-07-11
100.25,2011-07-12
101.599998,2011-07-13
102.400002,2011-07-14
100.849998,2011-07-15
103.050003,2011-07-18
102.599998,2011-07-19
100.949997,2011-07-20
99.300003,2011-07-21
102.75,2011-07-22
105.400002,2011-07-25
104.900002,2011-07-26
108.599998,2011-07-27
107.75,2011-07-28
106.199997,2011-07-29
107.0,2011-08-01
104.599998,2011-08-02
107.900002,2011-08-03
111.0,2011-08-04
106.400002,2011-08-05
106.400002,2011-08-08
102.75,2011-08-09
106.699997,2011-08-10
102.900002,2011-08-11
102.25,2011-08-12
98.349998,2011-08-16
95.199997,2011-08-17
88.699997,2011-08-18
87.650002,2011-08-19
90.949997,2011-08-22
92.150002,2011-08-23
91.199997,2011-08-24
92.650002,2011-08-25
89.5,2011-08-26
93.300003,2011-08-29
93.5,2011-08-30
93.099998,2011-09-02
91.550003,2011-09-05
94.449997,2011-09-06
94.349998,2011-09-07
94.650002,2011-09-08
93.400002,2011-09-09
91.0,2011-09-12
91.199997,2011-09-13
92.150002,2011-09-14
92.75,2011-09-15
91.050003,2011-09-16
90.900002,2011-09-19
92.050003,2011-09-20
92.75,2011-09-21
86.349998,2011-09-22
87.150002,2011-09-23
86.75,2011-09-26
88.400002,2011-09-27
86.650002,2011-09-28
85.550003,2011-09-29
85.550003,2011-09-30
83.949997,2011-10-03
83.099998,2011-10-04
81.199997,2011-10-05
82.599998,2011-10-07
85.800003,2011-10-10
86.699997,2011-10-11
88.199997,2011-10-12
86.900002,2011-10-13
87.800003,2011-10-14
90.099998,2011-10-17
87.5,2011-10-18
87.5,2011-10-19
85.599998,2011-10-20
84.900002,2011-10-21
85.199997,2011-10-24
86.800003,2011-10-25
89.75,2011-10-28
92.550003,2011-10-31
91.550003,2011-11-01
91.050003,2011-11-02
90.650002,2011-11-03
90.849998,2011-11-04
90.650002,2011-11-08
89.199997,2011-11-09
88.150002,2011-11-11
87.650002,2011-11-14
85.650002,2011-11-15
83.75,2011-11-16
82.650002,2011-11-17
82.650002,2011-11-18
81.800003,2011-11-21
82.449997,2011-11-22
80.900002,2011-11-23
82.599998,2011-11-24
81.449997,2011-11-25
83.599998,2011-11-28
84.0,2011-11-29
83.849998,2011-11-30
88.199997,2011-12-01
91.400002,2011-12-02
90.349998,2011-12-05
90.599998,2011-12-07
89.449997,2011-12-08
89.650002,2011-12-09
87.400002,2011-12-12
88.699997,2011-12-13
87.349998,2011-12-14
89.75,2011-12-15
86.349998,2011-12-16
84.400002,2011-12-19
84.949997,2011-12-20
86.449997,2011-12-21
89.699997,2011-12-22
88.650002,2011-12-23
88.699997,2011-12-26
88.0,2011-12-27
87.25,2011-12-28
89.900002,2011-12-29
90.199997,2011-12-30
90.900002,2012-01-02
94.550003,2012-01-03
95.150002,2012-01-04
92.849998,2012-01-05
93.75,2012-01-06
0.0,2012-01-07
93.099998,2012-01-09
93.75,2012-01-10
92.900002,2012-01-11
92.800003,2012-01-12
94.050003,2012-01-13
98.599998,2012-01-16
96.900002,2012-01-17
93.0,2012-01-18
93.900002,2012-01-19
92.650002,2012-01-20
92.199997,2012-01-23
93.349998,2012-01-24
95.349998,2012-01-25
97.300003,2012-01-27
97.949997,2012-01-30
107.75,2012-01-31
109.150002,2012-02-01
110.050003,2012-02-02
119.150002,2012-02-03
116.199997,2012-02-06
113.650002,2012-02-07
117.949997,2012-02-08
123.0,2012-02-09
119.050003,2012-02-10
121.400002,2012-02-13
120.599998,2012-02-14
120.699997,2012-02-15
120.800003,2012-02-16
119.150002,2012-02-17
120.550003,2012-02-21
116.699997,2012-02-22
119.800003,2012-02-23
119.449997,2012-02-24
113.300003,2012-02-27
120.25,2012-02-28
125.550003,2012-02-29
123.150002,2012-03-01
120.349998,2012-03-02
0.0,2012-03-03
116.099998,2012-03-05
113.75,2012-03-06
115.449997,2012-03-07
117.849998,2012-03-09
116.900002,2012-03-12
118.0,2012-03-13
120.400002,2012-03-14
115.849998,2012-03-15
112.949997,2012-03-16
109.900002,2012-03-19
112.75,2012-03-20
114.400002,2012-03-21
110.949997,2012-03-22
112.449997,2012-03-23
108.599998,2012-03-26
109.849998,2012-03-27
110.099998,2012-03-28
108.699997,2012-03-29
112.050003,2012-03-30
115.349998,2012-04-02
118.5,2012-04-03
117.650002,2012-04-04
116.849998,2012-04-09
117.550003,2012-04-10
118.199997,2012-04-11
120.949997,2012-04-12
117.150002,2012-04-13
118.699997,2012-04-16
118.849998,2012-04-17
119.300003,2012-04-18
124.050003,2012-04-19
121.599998,2012-04-20
117.199997,2012-04-23
118.550003,2012-04-24
116.449997,2012-04-25
115.449997,2012-04-26
115.800003,2012-04-27
117.0,2012-04-30
119.349998,2012-05-02
117.599998,2012-05-03
114.449997,2012-05-04
116.349998,2012-05-07
113.0,2012-05-08
110.400002,2012-05-09
112.5,2012-05-10
108.300003,2012-05-11
103.099998,2012-05-14
104.900002,2012-05-15
107.949997,2012-05-16
107.400002,2012-05-17
105.5,2012-05-18
106.800003,2012-05-21
106.900002,2012-05-22
108.0,2012-05-23
109.5,2012-05-24
107.900002,2012-05-25
111.099998,2012-05-28
109.900002,2012-05-29
107.400002,2012-05-30
107.800003,2012-05-31
105.550003,2012-06-01
104.699997,2012-06-04
105.199997,2012-06-05
108.050003,2012-06-06
109.199997,2012-06-07
111.949997,2012-06-08
110.900002,2012-06-11
112.099998,2012-06-12
108.800003,2012-06-13
105.849998,2012-06-14
107.699997,2012-06-15
105.849998,2012-06-18
104.849998,2012-06-19
106.199997,2012-06-20
107.699997,2012-06-21
108.099998,2012-06-22
109.199997,2012-06-25
115.050003,2012-06-26
116.849998,2012-06-27
115.949997,2012-06-28
115.949997,2012-06-29
118.050003,2012-07-02
119.550003,2012-07-03
118.75,2012-07-04
119.599998,2012-07-05
117.449997,2012-07-06
114.099998,2012-07-09
115.599998,2012-07-10
116.550003,2012-07-11
115.300003,2012-07-12
114.050003,2012-07-13
114.349998,2012-07-16
116.300003,2012-07-17
118.900002,2012-07-18
121.349998,2012-07-19
118.800003,2012-07-20
115.599998,2012-07-23
123.449997,2012-07-24
120.800003,2012-07-25
119.849998,2012-07-26
120.550003,2012-07-27
122.599998,2012-07-30
126.800003,2012-07-31
126.800003,2012-08-01
129.850006,2012-08-02
130.550003,2012-08-03
129.850006,2012-08-06
129.850006,2012-08-07
130.0,2012-08-08
130.649994,2012-08-09
132.949997,2012-08-10
134.199997,2012-08-13
133.649994,2012-08-14
133.600006,2012-08-16
134.699997,2012-08-17
132.850006,2012-08-21
131.800003,2012-08-22
130.949997,2012-08-23
128.75,2012-08-24
128.600006,2012-08-27
127.400002,2012-08-28
125.300003,2012-08-29
130.300003,2012-08-30
130.199997,2012-08-31
130.300003,2012-09-03
132.0,2012-09-04
133.600006,2012-09-05
135.399994,2012-09-06
136.399994,2012-09-07
0.0,2012-09-08
135.75,2012-09-10
135.100006,2012-09-11
134.600006,2012-09-12
133.699997,2012-09-13
133.399994,2012-09-14
128.699997,2012-09-17
129.949997,2012-09-18
127.75,2012-09-20
131.0,2012-09-21
129.050003,2012-09-24
128.699997,2012-09-25
130.550003,2012-09-26
131.850006,2012-09-27
142.800003,2012-09-28
145.350006,2012-10-01
154.899994,2012-10-03
151.449997,2012-10-04
150.199997,2012-10-05
155.350006,2012-10-08
153.75,2012-10-09
156.149994,2012-10-10
160.050003,2012-10-11
161.100006,2012-10-12
159.949997,2012-10-15
161.149994,2012-10-16
162.399994,2012-10-17
162.100006,2012-10-18
157.899994,2012-10-19
159.699997,2012-10-22
157.100006,2012-10-23
154.800003,2012-10-25
148.550003,2012-10-29
150.899994,2012-10-30
150.25,2012-10-31
159.550003,2012-11-01
158.649994,2012-11-02
158.5,2012-11-05
158.100006,2012-11-06
159.649994,2012-11-07
167.449997,2012-11-08
168.649994,2012-11-09
0.0,2012-11-11
168.600006,2012-11-12
178.699997,2012-11-15
173.449997,2012-11-16
163.949997,2012-11-19
159.100006,2012-11-20
160.649994,2012-11-21
160.100006,2012-11-22
163.199997,2012-11-23
163.25,2012-11-26
162.949997,2012-11-27
162.300003,2012-11-29
165.699997,2012-11-30
168.350006,2012-12-03
166.300003,2012-12-04
165.449997,2012-12-05
165.75,2012-12-06
170.0,2012-12-07
172.899994,2012-12-10
169.850006,2012-12-11
171.949997,2012-12-12
168.25,2012-12-13
168.449997,2012-12-14
166.0,2012-12-17
165.199997,2012-12-18
165.100006,2012-12-19
163.0,2012-12-20
160.699997,2012-12-21
160.399994,2012-12-24
160.199997,2012-12-26
159.699997,2012-12-27
160.5,2012-12-28
159.850006,2012-12-31
160.949997,2013-01-01
166.899994,2013-01-02
166.0,2013-01-03
164.199997,2013-01-04
162.850006,2013-01-07
163.600006,2013-01-08
162.75,2013-01-09
160.899994,2013-01-10
158.550003,2013-01-11
159.699997,2013-01-14
158.350006,2013-01-15
156.300003,2013-01-16
154.800003,2013-01-17
153.050003,2013-01-18
154.0,2013-01-21
152.050003,2013-01-22
149.350006,2013-01-23
145.850006,2013-01-24
148.0,2013-01-25
147.600006,2013-01-28
147.800003,2013-01-29
144.0,2013-01-30
149.600006,2013-01-31
146.850006,2013-02-01
145.100006,2013-02-04
141.5,2013-02-05
142.300003,2013-02-06
144.649994,2013-02-07
142.5,2013-02-08
141.050003,2013-02-11
142.449997,2013-02-12
141.699997,2013-02-13
139.149994,2013-02-14
141.350006,2013-02-15
142.100006,2013-02-18
146.350006,2013-02-19
145.25,2013-02-20
138.0,2013-02-21
138.449997,2013-02-22
133.449997,2013-02-25
131.899994,2013-02-26
132.449997,2013-02-27
125.099998,2013-02-28
128.050003,2013-03-01
126.949997,2013-03-04
132.0,2013-03-05
130.100006,2013-03-06
131.600006,2013-03-07
134.149994,2013-03-08
132.800003,2013-03-11
133.199997,2013-03-12
133.600006,2013-03-13
134.399994,2013-03-14
133.5,2013-03-15
131.100006,2013-03-18
130.300003,2013-03-19
128.050003,2013-03-20
124.449997,2013-03-21
126.099998,2013-03-22
123.550003,2013-03-25
123.5,2013-03-26
128.0,2013-03-28
131.600006,2013-04-01
134.199997,2013-04-02
130.649994,2013-04-03
127.599998,2013-04-04
128.149994,2013-04-05
132.5,2013-04-08
130.050003,2013-04-09
131.199997,2013-04-10
131.350006,2013-04-11
131.699997,2013-04-12
132.25,2013-04-15
133.550003,2013-04-16
137.050003,2013-04-17
138.649994,2013-04-18
140.550003,2013-04-22
138.0,2013-04-23
136.149994,2013-04-25
140.300003,2013-04-26
144.100006,2013-04-29
146.899994,2013-04-30
148.800003,2013-05-02
146.75,2013-05-03
147.5,2013-05-06
148.850006,2013-05-07
150.699997,2013-05-08
147.600006,2013-05-09
146.149994,2013-05-10
146.050003,2013-05-13
141.199997,2013-05-14
146.800003,2013-05-15
143.199997,2013-05-16
146.699997,2013-05-17
144.149994,2013-05-20
144.399994,2013-05-21
142.850006,2013-05-22
138.850006,2013-05-23
141.649994,2013-05-24
143.550003,2013-05-27
144.649994,2013-05-28
142.850006,2013-05-29
147.800003,2013-05-30
145.649994,2013-05-31
146.899994,2013-06-03
150.100006,2013-06-04
150.199997,2013-06-05
149.300003,2013-06-06
149.149994,2013-06-07
145.899994,2013-06-10
142.850006,2013-06-11
141.25,2013-06-12
139.100006,2013-06-13
139.899994,2013-06-14
140.199997,2013-06-17
142.649994,2013-06-18
143.350006,2013-06-19
140.899994,2013-06-20
136.350006,2013-06-21
133.350006,2013-06-24
133.800003,2013-06-25
133.350006,2013-06-26
129.399994,2013-06-27
134.199997,2013-06-28
141.0,2013-07-01
139.949997,2013-07-02
141.449997,2013-07-03
143.399994,2013-07-04
144.899994,2013-07-05
147.300003,2013-07-08
145.149994,2013-07-09
148.75,2013-07-10
147.449997,2013-07-11
147.649994,2013-07-12
153.949997,2013-07-15
153.699997,2013-07-16
157.050003,2013-07-17
154.850006,2013-07-18
155.75,2013-07-19
154.600006,2013-07-22
154.300003,2013-07-23
153.399994,2013-07-24
151.800003,2013-07-25
156.350006,2013-07-26
159.25,2013-07-29
158.550003,2013-07-30
159.699997,2013-07-31
147.199997,2013-08-01
146.350006,2013-08-02
142.800003,2013-08-05
137.75,2013-08-06
141.449997,2013-08-07
146.0,2013-08-08
145.449997,2013-08-12
146.5,2013-08-13
147.350006,2013-08-14
140.449997,2013-08-16
141.100006,2013-08-19
140.550003,2013-08-20
141.449997,2013-08-21
145.899994,2013-08-22
146.649994,2013-08-23
144.100006,2013-08-26
141.199997,2013-08-27
136.5,2013-08-28
138.350006,2013-08-29
139.0,2013-08-30
143.550003,2013-09-02
141.600006,2013-09-03
143.649994,2013-09-04
147.149994,2013-09-05
147.149994,2013-09-06
146.649994,2013-09-10
150.5,2013-09-11
150.649994,2013-09-12
152.050003,2013-09-13
149.949997,2013-09-16
148.100006,2013-09-17
147.600006,2013-09-18
150.5,2013-09-19
148.949997,2013-09-20
144.800003,2013-09-23
143.300003,2013-09-24
145.649994,2013-09-25
145.699997,2013-09-26
146.149994,2013-09-27
143.699997,2013-09-30
149.600006,2013-10-01
155.25,2013-10-03
152.949997,2013-10-04
156.050003,2013-10-07
155.5,2013-10-08
155.449997,2013-10-09
160.100006,2013-10-10
160.0,2013-10-11
159.399994,2013-10-14
157.75,2013-10-15
161.949997,2013-10-17
164.050003,2013-10-18
159.649994,2013-10-21
161.75,2013-10-22
158.800003,2013-10-23
165.149994,2013-10-24
163.800003,2013-10-25
162.899994,2013-10-28
162.399994,2013-10-29
164.949997,2013-10-30
164.0,2013-10-31
167.800003,2013-11-01
167.5,2013-11-05
163.600006,2013-11-06
160.449997,2013-11-07
159.949997,2013-11-08
156.75,2013-11-11
154.649994,2013-11-12
144.399994,2013-11-13
144.350006,2013-11-14
147.600006,2013-11-18
144.649994,2013-11-19
145.25,2013-11-20
143.800003,2013-11-21
141.949997,2013-11-22
142.350006,2013-11-25
145.25,2013-11-26
145.149994,2013-11-27
147.5,2013-11-28
148.899994,2013-11-29
149.25,2013-12-02
146.75,2013-12-03
145.550003,2013-12-04
146.449997,2013-12-05
146.149994,2013-12-06
146.699997,2013-12-09
147.199997,2013-12-10
146.800003,2013-12-11
146.699997,2013-12-12
144.949997,2013-12-13
143.350006,2013-12-16
144.5,2013-12-17
148.0,2013-12-18
147.5,2013-12-19
153.149994,2013-12-20
154.550003,2013-12-23
157.149994,2013-12-24
161.100006,2013-12-26
158.050003,2013-12-27
159.800003,2013-12-30
160.300003,2013-12-31
160.25,2014-01-01
154.850006,2014-01-02
156.5,2014-01-03
156.600006,2014-01-06
156.449997,2014-01-07
156.949997,2014-01-08
157.050003,2014-01-09
156.0,2014-01-10
152.899994,2014-01-13
152.050003,2014-01-14
151.949997,2014-01-15
149.100006,2014-01-16
146.149994,2014-01-17
148.300003,2014-01-20
148.199997,2014-01-21
149.75,2014-01-22
148.050003,2014-01-23
144.199997,2014-01-24
141.399994,2014-01-27
138.899994,2014-01-28
142.100006,2014-01-29
140.649994,2014-01-30
141.149994,2014-01-31
140.850006,2014-02-03
143.100006,2014-02-04
143.100006,2014-02-05
141.149994,2014-02-06
143.399994,2014-02-07
143.75,2014-02-10
144.75,2014-02-11
144.0,2014-02-12
141.600006,2014-02-13
140.550003,2014-02-14
139.149994,2014-02-17
140.100006,2014-02-18
140.300003,2014-02-19
141.100006,2014-02-20
141.850006,2014-02-21
142.399994,2014-02-24
141.199997,2014-02-25
139.800003,2014-02-26
139.75,2014-02-28
136.300003,2014-03-03
140.25,2014-03-04
140.649994,2014-03-05
142.600006,2014-03-06
143.199997,2014-03-07
143.800003,2014-03-10
144.899994,2014-03-11
145.600006,2014-03-12
142.600006,2014-03-13
142.699997,2014-03-14
143.050003,2014-03-18
141.25,2014-03-19
141.350006,2014-03-20
143.300003,2014-03-21
0.0,2014-03-22
142.899994,2014-03-24
142.850006,2014-03-25
142.649994,2014-03-26
141.850006,2014-03-27
148.050003,2014-03-28
149.949997,2014-03-31
154.25,2014-04-01
153.350006,2014-04-02
151.449997,2014-04-03
152.199997,2014-04-04
151.399994,2014-04-07
154.25,2014-04-09
153.149994,2014-04-10
153.75,2014-04-11
153.25,2014-04-15
150.649994,2014-04-16
157.399994,2014-04-17
156.399994,2014-04-21
157.5,2014-04-22
155.850006,2014-04-23
155.850006,2014-04-24
152.850006,2014-04-25
152.800003,2014-04-28
151.25,2014-04-29
149.449997,2014-04-30
148.550003,2014-05-02
146.899994,2014-05-05
145.149994,2014-05-06
144.600006,2014-05-07
142.550003,2014-05-08
145.050003,2014-05-09
144.800003,2014-05-12
146.649994,2014-05-13
147.300003,2014-05-14
144.300003,2014-05-15
144.649994,2014-05-16
150.550003,2014-05-19
153.800003,2014-05-20
153.0,2014-05-21
155.449997,2014-05-22
157.350006,2014-05-23
156.149994,2014-05-26
156.300003,2014-05-27
156.25,2014-05-28
149.0,2014-05-29
149.199997,2014-05-30
147.399994,2014-06-02
150.399994,2014-06-03
153.100006,2014-06-04
154.050003,2014-06-05
171.350006,2014-06-06
171.25,2014-06-09
174.699997,2014-06-10
169.5,2014-06-11
168.5,2014-06-12
163.600006,2014-06-13
166.0,2014-06-16
166.949997,2014-06-17
163.399994,2014-06-18
162.75,2014-06-19
162.25,2014-06-20
167.850006,2014-06-23
167.149994,2014-06-24
169.300003,2014-06-25
167.649994,2014-06-26
170.899994,2014-06-27
172.800003,2014-06-30
174.75,2014-07-01
174.350006,2014-07-02
169.25,2014-07-03
167.800003,2014-07-04
167.100006,2014-07-07
158.649994,2014-07-08
154.949997,2014-07-09
155.550003,2014-07-10
149.5,2014-07-11
152.050003,2014-07-14
153.5,2014-07-15
157.050003,2014-07-16
160.399994,2014-07-17
160.449997,2014-07-18
159.100006,2014-07-21
159.149994,2014-07-22
156.949997,2014-07-23
156.949997,2014-07-24
153.800003,2014-07-25
155.199997,2014-07-28
152.75,2014-07-30
154.199997,2014-07-31
154.199997,2014-08-01
155.899994,2014-08-04
154.800003,2014-08-05
153.899994,2014-08-06
154.199997,2014-08-07
150.300003,2014-08-08
151.649994,2014-08-11
154.25,2014-08-12
151.050003,2014-08-13
152.100006,2014-08-14
154.199997,2014-08-18
156.550003,2014-08-19
158.199997,2014-08-20
157.050003,2014-08-21
155.649994,2014-08-22
155.550003,2014-08-25
152.75,2014-08-26
153.050003,2014-08-27
150.899994,2014-08-28
153.449997,2014-09-01
155.600006,2014-09-02
154.300003,2014-09-03
162.199997,2014-09-04
162.149994,2014-09-05
164.850006,2014-09-08
165.149994,2014-09-09
162.300003,2014-09-10
167.449997,2014-09-11
169.300003,2014-09-12
167.199997,2014-09-15
159.399994,2014-09-16
161.600006,2014-09-17
164.850006,2014-09-18
168.5,2014-09-19
170.649994,2014-09-22
164.449997,2014-09-23
164.699997,2014-09-24
160.300003,2014-09-25
159.850006,2014-09-26
159.100006,2014-09-29
159.100006,2014-09-30
159.050003,2014-10-01
158.649994,2014-10-07
160.100006,2014-10-08
161.350006,2014-10-09
159.699997,2014-10-10
157.350006,2014-10-13
156.399994,2014-10-14
156.399994,2014-10-15
152.25,2014-10-16
153.649994,2014-10-17
154.449997,2014-10-20
155.399994,2014-10-21
156.350006,2014-10-22
156.399994,2014-10-27
156.649994,2014-10-28
157.449997,2014-10-29
157.5,2014-10-30
160.050003,2014-10-31
163.699997,2014-11-03
161.649994,2014-11-05
160.75,2014-11-07
157.800003,2014-11-10
158.050003,2014-11-11
156.149994,2014-11-12
154.5,2014-11-13
155.300003,2014-11-14
159.899994,2014-11-17
159.449997,2014-11-18
157.850006,2014-11-19
157.100006,2014-11-20
157.0,2014-11-21
157.149994,2014-11-24
154.25,2014-11-25
155.25,2014-11-26
161.100006,2014-11-27
161.149994,2014-11-28
159.550003,2014-12-01
163.350006,2014-12-02
163.199997,2014-12-03
163.300003,2014-12-04
161.149994,2014-12-05
158.149994,2014-12-08
154.649994,2014-12-09
155.949997,2014-12-10
155.350006,2014-12-11
153.0,2014-12-12
151.600006,2014-12-15
144.350006,2014-12-16
144.899994,2014-12-17
147.399994,2014-12-18
147.350006,2014-12-19
147.550003,2014-12-22
148.0,2014-12-23
147.399994,2014-12-24
146.75,2014-12-26
148.449997,2014-12-29
148.949997,2014-12-30
150.699997,2014-12-31
150.550003,2015-01-01
152.100006,2015-01-02
152.75,2015-01-05
148.050003,2015-01-06
148.199997,2015-01-07
153.25,2015-01-08
155.300003,2015-01-09
156.899994,2015-01-12
155.199997,2015-01-13
154.649994,2015-01-14
155.600006,2015-01-15
154.300003,2015-01-16
156.550003,2015-01-19
156.350006,2015-01-20
157.949997,2015-01-21
158.5,2015-01-22
161.050003,2015-01-23
159.199997,2015-01-27
158.649994,2015-01-28
158.350006,2015-01-29
158.699997,2015-01-30
163.600006,2015-02-02
160.300003,2015-02-03
158.399994,2015-02-04
154.600006,2015-02-05
152.550003,2015-02-06
149.550003,2015-02-09
151.550003,2015-02-10
154.199997,2015-02-11
154.800003,2015-02-12
157.0,2015-02-13
155.199997,2015-02-16
156.699997,2015-02-18
156.399994,2015-02-19
160.0,2015-02-20
155.800003,2015-02-23
155.25,2015-02-24
153.600006,2015-02-25
152.600006,2015-02-26
155.699997,2015-02-27
0.0,2015-02-28
158.350006,2015-03-02
163.149994,2015-03-03
158.5,2015-03-04
159.350006,2015-03-05
158.75,2015-03-09
157.25,2015-03-10
157.649994,2015-03-11
160.050003,2015-03-12
154.850006,2015-03-13
154.649994,2015-03-16
156.600006,2015-03-17
155.800003,2015-03-18
153.600006,2015-03-19
150.050003,2015-03-20
147.300003,2015-03-23
147.600006,2015-03-24
148.600006,2015-03-25
148.0,2015-03-26
145.899994,2015-03-27
149.949997,2015-03-30
149.100006,2015-03-31
151.149994,2015-04-01
151.350006,2015-04-06
151.149994,2015-04-07
151.850006,2015-04-08
152.149994,2015-04-09
161.199997,2015-04-10
161.550003,2015-04-13
159.25,2015-04-15
159.100006,2015-04-16
157.399994,2015-04-17
153.100006,2015-04-20
150.100006,2015-04-21
149.949997,2015-04-22
150.25,2015-04-23
147.449997,2015-04-24
142.0,2015-04-27
142.350006,2015-04-28
142.399994,2015-04-29
142.149994,2015-04-30
143.600006,2015-05-04
144.300003,2015-05-05
139.800003,2015-05-06
137.899994,2015-05-07
141.100006,2015-05-08
143.399994,2015-05-11
142.850006,2015-05-12
144.5,2015-05-13
146.100006,2015-05-14
146.850006,2015-05-15
147.899994,2015-05-18
147.5,2015-05-19
145.850006,2015-05-20
146.300003,2015-05-21
147.699997,2015-05-22
147.25,2015-05-25
148.600006,2015-05-26
148.75,2015-05-27
144.899994,2015-05-28
146.199997,2015-05-29
145.050003,2015-06-01
140.600006,2015-06-02
136.949997,2015-06-03
137.899994,2015-06-04
138.699997,2015-06-05
134.699997,2015-06-08
137.199997,2015-06-09
136.600006,2015-06-10
134.199997,2015-06-11
128.100006,2015-06-12
129.149994,2015-06-15
128.699997,2015-06-16
132.25,2015-06-17
132.5,2015-06-18
133.850006,2015-06-19
135.0,2015-06-22
133.75,2015-06-23
133.199997,2015-06-24
134.850006,2015-06-25
133.75,2015-06-26
129.800003,2015-06-29
132.350006,2015-06-30
135.300003,2015-07-01
137.199997,2015-07-02
136.0,2015-07-03
135.050003,2015-07-06
138.649994,2015-07-07
134.850006,2015-07-08
133.899994,2015-07-09
134.600006,2015-07-10
136.75,2015-07-13
136.800003,2015-07-14
138.0,2015-07-15
138.399994,2015-07-16
139.100006,2015-07-17
141.600006,2015-07-20
137.149994,2015-07-21
139.5,2015-07-22
141.199997,2015-07-23
140.949997,2015-07-24
137.5,2015-07-27
137.75,2015-07-28
138.600006,2015-07-29
137.050003,2015-07-30
140.100006,2015-07-31
140.899994,2015-08-03
143.25,2015-08-04
142.100006,2015-08-05
143.800003,2015-08-06
141.899994,2015-08-07
138.899994,2015-08-10
137.899994,2015-08-11
132.850006,2015-08-12
130.0,2015-08-13
132.050003,2015-08-14
131.050003,2015-08-17
134.199997,2015-08-18
133.449997,2015-08-19
132.699997,2015-08-20
130.800003,2015-08-21
115.0,2015-08-24
118.25,2015-08-25
117.449997,2015-08-26
116.650002,2015-08-27
117.849998,2015-08-28
119.599998,2015-08-31
115.449997,2015-09-01
118.900002,2015-09-02
123.849998,2015-09-03
120.300003,2015-09-04
120.449997,2015-09-07
120.949997,2015-09-08
123.599998,2015-09-09
123.900002,2015-09-10
122.900002,2015-09-11
124.300003,2015-09-14
125.300003,2015-09-15
123.199997,2015-09-16
125.25,2015-09-18
125.699997,2015-09-21
123.949997,2015-09-22
125.150002,2015-09-23
124.0,2015-09-24
126.849998,2015-09-28
126.300003,2015-09-29
127.699997,2015-09-30
130.25,2015-10-01
131.649994,2015-10-05
130.600006,2015-10-06
132.800003,2015-10-07
133.100006,2015-10-08
134.699997,2015-10-09
134.800003,2015-10-12
132.399994,2015-10-13
134.0,2015-10-14
134.75,2015-10-15
134.300003,2015-10-16
134.850006,2015-10-19
139.199997,2015-10-20
137.199997,2015-10-21
137.5,2015-10-23
138.449997,2015-10-26
135.449997,2015-10-27
135.5,2015-10-28
135.949997,2015-10-29
133.100006,2015-10-30
132.649994,2015-11-02
131.600006,2015-11-03
131.699997,2015-11-04
127.900002,2015-11-05
125.800003,2015-11-06
128.850006,2015-11-09
125.849998,2015-11-10
127.800003,2015-11-13
127.900002,2015-11-16
132.149994,2015-11-17
128.550003,2015-11-18
130.699997,2015-11-19
133.800003,2015-11-20
132.800003,2015-11-23
134.199997,2015-11-24
135.050003,2015-11-26
136.949997,2015-11-27
137.75,2015-11-30
136.100006,2015-12-01
136.050003,2015-12-02
134.600006,2015-12-03
133.600006,2015-12-04
135.399994,2015-12-07
134.399994,2015-12-08
131.649994,2015-12-09
135.149994,2015-12-10
132.649994,2015-12-11
134.199997,2015-12-14
133.75,2015-12-15
136.25,2015-12-16
142.100006,2015-12-17
141.699997,2015-12-18
142.899994,2015-12-21
141.0,2015-12-22
141.949997,2015-12-23
144.75,2015-12-24
144.0,2015-12-28
141.899994,2015-12-29
146.300003,2015-12-30
146.100006,2015-12-31
146.300003,2016-01-01
143.5,2016-01-04
148.199997,2016-01-05
145.300003,2016-01-06
139.949997,2016-01-07
144.300003,2016-01-08
142.100006,2016-01-11
139.300003,2016-01-12
135.25,2016-01-13
134.25,2016-01-14
128.350006,2016-01-15
121.900002,2016-01-18
126.449997,2016-01-19
122.550003,2016-01-20
122.25,2016-01-21
125.599998,2016-01-22
124.25,2016-01-25
124.300003,2016-01-27
123.050003,2016-01-28
126.349998,2016-01-29
126.599998,2016-02-01
124.199997,2016-02-02
121.900002,2016-02-03
121.300003,2016-02-04
122.599998,2016-02-05
123.849998,2016-02-08
120.650002,2016-02-09
118.349998,2016-02-10
104.75,2016-02-11
104.400002,2016-02-12
106.0,2016-02-15
102.599998,2016-02-16
103.900002,2016-02-17
104.400002,2016-02-18
107.099998,2016-02-19
109.099998,2016-02-22
106.949997,2016-02-23
106.800003,2016-02-24
104.699997,2016-02-25
104.849998,2016-02-26
103.650002,2016-02-29
109.0,2016-03-01
109.650002,2016-03-02
109.550003,2016-03-03
113.150002,2016-03-04
115.349998,2016-03-08
116.800003,2016-03-09
116.25,2016-03-10
115.5,2016-03-11
115.550003,2016-03-14
115.349998,2016-03-15
115.300003,2016-03-16
115.900002,2016-03-17
118.900002,2016-03-18
119.650002,2016-03-21
121.300003,2016-03-22
119.699997,2016-03-23
119.650002,2016-03-28
119.599998,2016-03-29
121.349998,2016-03-30
121.0,2016-03-31
122.5,2016-04-01
120.75,2016-04-04
118.25,2016-04-05
118.349998,2016-04-06
118.75,2016-04-07
117.949997,2016-04-08
119.75,2016-04-11
118.349998,2016-04-12
120.5,2016-04-13
120.449997,2016-04-18
121.949997,2016-04-20
120.099998,2016-04-21
120.199997,2016-04-22
121.25,2016-04-25
121.849998,2016-04-26
122.449997,2016-04-27
120.0,2016-04-28
119.900002,2016-04-29
121.099998,2016-05-02
119.449997,2016-05-03
116.900002,2016-05-04
116.300003,2016-05-05
118.050003,2016-05-06
119.199997,2016-05-09
118.150002,2016-05-10
117.300003,2016-05-11
118.949997,2016-05-12
119.5,2016-05-13
120.650002,2016-05-16
120.199997,2016-05-17
120.849998,2016-05-18
119.650002,2016-05-19
119.949997,2016-05-20
120.449997,2016-05-23
121.650002,2016-05-24
119.349998,2016-05-25
118.5,2016-05-26
117.25,2016-05-27
118.300003,2016-05-30
117.900002,2016-05-31
118.0,2016-06-01
119.150002,2016-06-02
120.199997,2016-06-03
119.199997,2016-06-06
119.300003,2016-06-07
124.5,2016-06-08
125.050003,2016-06-09
123.599998,2016-06-10
128.199997,2016-06-13
126.5,2016-06-14
127.25,2016-06-15
126.099998,2016-06-16
125.800003,2016-06-17
126.099998,2016-06-20
125.349998,2016-06-21
127.25,2016-06-22
126.599998,2016-06-23
124.25,2016-06-24
126.0,2016-06-27
127.849998,2016-06-28
129.75,2016-06-29
130.850006,2016-06-30
134.850006,2016-07-01
134.050003,2016-07-04
133.800003,2016-07-05
134.25,2016-07-07
132.550003,2016-07-08
133.149994,2016-07-11
132.800003,2016-07-12
132.100006,2016-07-13
132.449997,2016-07-14
132.600006,2016-07-15
129.649994,2016-07-18
130.050003,2016-07-19
133.649994,2016-07-20
131.699997,2016-07-21
131.649994,2016-07-22
133.449997,2016-07-25
131.149994,2016-07-26
137.300003,2016-07-27
139.949997,2016-07-28
142.149994,2016-07-29
141.350006,2016-08-01
138.699997,2016-08-02
136.149994,2016-08-03
138.300003,2016-08-04
139.100006,2016-08-05
142.899994,2016-08-08
143.399994,2016-08-09
137.850006,2016-08-10
137.25,2016-08-11
136.899994,2016-08-12
138.100006,2016-08-16
137.699997,2016-08-17
138.699997,2016-08-18
141.25,2016-08-19
138.649994,2016-08-22
139.399994,2016-08-23
140.350006,2016-08-24
140.5,2016-08-25
139.899994,2016-08-26
138.949997,2016-08-29
140.199997,2016-08-30
140.100006,2016-08-31
140.699997,2016-09-01
141.300003,2016-09-02
141.649994,2016-09-06
142.149994,2016-09-07
142.149994,2016-09-08
139.550003,2016-09-09
135.25,2016-09-12
137.300003,2016-09-14
136.949997,2016-09-15
139.600006,2016-09-16
139.699997,2016-09-19
138.149994,2016-09-20
138.25,2016-09-21
138.75,2016-09-22
142.350006,2016-09-23
140.399994,2016-09-26
144.699997,2016-09-27
146.75,2016-09-28
137.149994,2016-09-29
139.5,2016-09-30
142.399994,2016-10-03
141.949997,2016-10-04
153.350006,2016-10-05
150.800003,2016-10-06
151.100006,2016-10-07
151.600006,2016-10-10
147.850006,2016-10-13
152.850006,2016-10-14
150.199997,2016-10-17
151.899994,2016-10-18
154.550003,2016-10-19
152.399994,2016-10-20
152.649994,2016-10-21
153.850006,2016-10-24
150.050003,2016-10-25
145.399994,2016-10-26
137.949997,2016-10-27
139.600006,2016-10-28
138.699997,2016-11-01
134.949997,2016-11-02
131.399994,2016-11-03
126.400002,2016-11-04
128.050003,2016-11-07
127.800003,2016-11-08
121.900002,2016-11-09
125.349998,2016-11-10
118.300003,2016-11-11
117.050003,2016-11-15
121.300003,2016-11-16
118.800003,2016-11-17
120.150002,2016-11-18
116.099998,2016-11-21
117.5,2016-11-22
117.650002,2016-11-23
115.650002,2016-11-24
118.150002,2016-11-25
120.800003,2016-11-28
121.650002,2016-11-29
123.800003,2016-11-30
121.900002,2016-12-01
121.599998,2016-12-02
123.550003,2016-12-05
123.449997,2016-12-06
122.25,2016-12-07
123.849998,2016-12-08
123.900002,2016-12-09
123.349998,2016-12-12
123.599998,2016-12-13
122.699997,2016-12-14
124.650002,2016-12-15
124.199997,2016-12-16
124.400002,2016-12-19
121.25,2016-12-20
121.650002,2016-12-21
119.650002,2016-12-22
119.150002,2016-12-23
117.099998,2016-12-26
120.199997,2016-12-27
119.550003,2016-12-28
121.050003,2016-12-29
122.050003,2016-12-30
123.550003,2017-01-02
124.300003,2017-01-03
124.199997,2017-01-04
125.150002,2017-01-05
124.550003,2017-01-06
124.550003,2017-01-09
124.349998,2017-01-10
127.349998,2017-01-11
125.199997,2017-01-12
128.25,2017-01-13
127.599998,2017-01-16
127.650002,2017-01-17
128.75,2017-01-18
130.399994,2017-01-19
126.599998,2017-01-20
128.050003,2017-01-23
128.600006,2017-01-24
128.199997,2017-01-25
129.050003,2017-01-27
130.399994,2017-01-30
129.050003,2017-01-31
130.25,2017-02-01
137.600006,2017-02-02
141.600006,2017-02-03
142.449997,2017-02-06
141.649994,2017-02-07
145.899994,2017-02-08
143.949997,2017-02-09
143.899994,2017-02-10
141.800003,2017-02-13
141.5,2017-02-14
138.649994,2017-02-15
140.100006,2017-02-16
140.199997,2017-02-17
141.5,2017-02-20
141.75,2017-02-21
140.050003,2017-02-22
139.25,2017-02-23
139.0,2017-02-27
138.0,2017-02-28
143.649994,2017-03-01
141.199997,2017-03-02
143.199997,2017-03-03
143.5,2017-03-06
142.699997,2017-03-07
141.25,2017-03-08
140.800003,2017-03-09
137.25,2017-03-10
139.5,2017-03-14
140.899994,2017-03-15
144.649994,2017-03-16
144.899994,2017-03-17
146.5,2017-03-20
146.0,2017-03-21
143.100006,2017-03-22
151.449997,2017-03-23
150.899994,2017-03-24
148.699997,2017-03-27
150.649994,2017-03-28
150.75,2017-03-29
150.149994,2017-03-30
150.25,2017-03-31
151.899994,2017-04-03
152.649994,2017-04-05
153.050003,2017-04-06
150.949997,2017-04-07
150.899994,2017-04-10
152.699997,2017-04-11
151.350006,2017-04-12
150.300003,2017-04-13
149.75,2017-04-17
147.899994,2017-04-18
149.850006,2017-04-19
152.050003,2017-04-20
151.5,2017-04-21
151.899994,2017-04-24
151.699997,2017-04-25
153.75,2017-04-26
152.149994,2017-04-27
153.0,2017-04-28
157.75,2017-05-02
156.100006,2017-05-03
155.300003,2017-05-04
152.050003,2017-05-05
152.75,2017-05-08
154.100006,2017-05-09
154.899994,2017-05-10
154.0,2017-05-11
152.5,2017-05-12
154.550003,2017-05-15
154.300003,2017-05-16
152.649994,2017-05-17
147.5,2017-05-18
149.649994,2017-05-19
147.350006,2017-05-22
144.5,2017-05-23
141.5,2017-05-24
143.449997,2017-05-25
146.399994,2017-05-26
145.449997,2017-05-29
145.600006,2017-05-30
148.949997,2017-05-31
151.850006,2017-06-01
155.100006,2017-06-02
154.800003,2017-06-05
152.850006,2017-06-06
155.699997,2017-06-07
154.300003,2017-06-08
154.25,2017-06-09
152.149994,2017-06-12
156.300003,2017-06-13
158.550003,2017-06-14
159.0,2017-06-15
158.199997,2017-06-16
156.300003,2017-06-19
157.199997,2017-06-20
157.0,2017-06-21
154.800003,2017-06-22
151.149994,2017-06-23
147.300003,2017-06-27
148.649994,2017-06-28
148.199997,2017-06-29
150.550003,2017-06-30
151.199997,2017-07-03
150.0,2017-07-04
156.199997,2017-07-05
153.449997,2017-07-06
157.550003,2017-07-07
166.449997,2017-07-10
168.899994,2017-07-11
173.350006,2017-07-12
175.449997,2017-07-13
174.050003,2017-07-14
176.800003,2017-07-17
173.899994,2017-07-18
174.899994,2017-07-19
171.350006,2017-07-20
172.100006,2017-07-21
170.0,2017-07-24
171.050003,2017-07-25
172.350006,2017-07-26
168.0,2017-07-27
168.850006,2017-07-28
169.600006,2017-07-31
167.600006,2017-08-01
164.949997,2017-08-02
166.899994,2017-08-03
166.199997,2017-08-04
170.449997,2017-08-07
165.949997,2017-08-08
162.5,2017-08-09
156.050003,2017-08-10
163.949997,2017-08-11
178.699997,2017-08-14
193.300003,2017-08-16
190.050003,2017-08-17
194.5,2017-08-18
195.75,2017-08-21
189.800003,2017-08-22
196.649994,2017-08-23
194.300003,2017-08-24
193.0,2017-08-28
190.149994,2017-08-29
196.899994,2017-08-30
197.899994,2017-08-31
197.399994,2017-09-01
193.149994,2017-09-04
196.550003,2017-09-05
205.75,2017-09-06
205.550003,2017-09-07
206.699997,2017-09-08
209.050003,2017-09-11
211.94999700000002,2017-09-12
207.0,2017-09-13
211.850006,2017-09-14
210.44999700000002,2017-09-15
213.350006,2017-09-18
216.0,2017-09-19
214.100006,2017-09-20
212.19999700000002,2017-09-21
201.399994,2017-09-22
196.649994,2017-09-25
204.699997,2017-09-26
198.300003,2017-09-27
203.050003,2017-09-28
205.649994,2017-09-29
206.5,2017-10-03
205.149994,2017-10-04
209.25,2017-10-05
209.600006,2017-10-06
208.149994,2017-10-09
208.399994,2017-10-10
209.449997,2017-10-11
211.850006,2017-10-12
210.149994,2017-10-13
209.5,2017-10-16
211.0,2017-10-17
206.699997,2017-10-18
205.050003,2017-10-19
203.0,2017-10-23
209.199997,2017-10-24
205.199997,2017-10-25
209.75,2017-10-26
220.30000299999998,2017-10-27
225.94999700000002,2017-10-30
226.600006,2017-10-31
227.55000299999998,2017-11-01
226.19999700000002,2017-11-02
225.19999700000002,2017-11-03
234.100006,2017-11-06
225.05000299999998,2017-11-07
224.350006,2017-11-08
240.0,2017-11-09
236.5,2017-11-10
234.55000299999998,2017-11-13
246.649994,2017-11-14
250.5,2017-11-15
251.94999700000002,2017-11-16
259.5,2017-11-17
274.850006,2017-11-20
273.5,2017-11-21
273.600006,2017-11-22
274.5,2017-11-23
278.600006,2017-11-24
277.200012,2017-11-27
287.950012,2017-11-28
280.100006,2017-11-29
286.899994,2017-11-30
283.450012,2017-12-01
279.450012,2017-12-04
279.950012,2017-12-05
275.0,2017-12-06
284.0,2017-12-07
288.25,2017-12-08
298.299988,2017-12-11
287.899994,2017-12-12
284.350006,2017-12-13
284.299988,2017-12-14
286.899994,2017-12-15
290.600006,2017-12-18
300.149994,2017-12-19
300.799988,2017-12-20
300.600006,2017-12-21
302.399994,2017-12-22
305.649994,2017-12-26
305.0,2017-12-27
306.600006,2017-12-28
315.549988,2017-12-29
313.25,2018-01-01
311.100006,2018-01-02
311.200012,2018-01-03
312.149994,2018-01-04
313.600006,2018-01-05
317.600006,2018-01-08
315.549988,2018-01-09
314.5,2018-01-10
313.649994,2018-01-11
324.649994,2018-01-12
323.850006,2018-01-15
316.299988,2018-01-16
313.75,2018-01-17
305.0,2018-01-18
308.25,2018-01-19
309.200012,2018-01-22
307.200012,2018-01-23
303.850006,2018-01-24
304.100006,2018-01-25
301.5,2018-01-29
303.850006,2018-01-30
290.600006,2018-01-31
287.799988,2018-02-01
274.700012,2018-02-02
273.399994,2018-02-05
266.850006,2018-02-06
280.100006,2018-02-07
281.200012,2018-02-08
278.100006,2018-02-09
284.799988,2018-02-12
282.049988,2018-02-14
279.200012,2018-02-15
275.450012,2018-02-16
267.850006,2018-02-19
262.950012,2018-02-20
266.799988,2018-02-21
262.350006,2018-02-22
270.799988,2018-02-23
273.649994,2018-02-26
274.700012,2018-02-27
275.600006,2018-02-28
275.049988,2018-03-01
275.5,2018-03-05
272.700012,2018-03-06
268.149994,2018-03-07
272.649994,2018-03-08
268.350006,2018-03-09
275.399994,2018-03-12
277.600006,2018-03-13
278.399994,2018-03-14
279.799988,2018-03-15
273.100006,2018-03-16
261.049988,2018-03-19
261.950012,2018-03-20
263.350006,2018-03-21
258.5,2018-03-22
257.950012,2018-03-23
262.299988,2018-03-26
263.350006,2018-03-27
258.450012,2018-03-28
276.149994,2018-04-02
274.450012,2018-04-03
269.5,2018-04-04
272.950012,2018-04-05
272.549988,2018-04-06
278.0,2018-04-09
275.200012,2018-04-10
274.299988,2018-04-11
273.299988,2018-04-12
275.049988,2018-04-13
279.399994,2018-04-16
280.100006,2018-04-17
283.899994,2018-04-18
286.100006,2018-04-19
286.049988,2018-04-20
283.0,2018-04-23
283.0,2018-04-24
289.200012,2018-04-25
290.899994,2018-04-26
291.600006,2018-04-27
297.600006,2018-04-30
292.25,2018-05-02
287.149994,2018-05-03
287.799988,2018-05-04
294.5,2018-05-07
290.100006,2018-05-08
292.0,2018-05-09
285.5,2018-05-10
287.299988,2018-05-11
255.30000299999998,2018-05-14
242.44999700000002,2018-05-15
241.350006,2018-05-16
246.94999700000002,2018-05-17
244.850006,2018-05-18
243.0,2018-05-21
246.30000299999998,2018-05-22
249.149994,2018-05-23
253.69999700000002,2018-05-24
257.0,2018-05-25
260.350006,2018-05-28
257.100006,2018-05-29
264.549988,2018-05-30
268.100006,2018-05-31
263.350006,2018-06-01
255.600006,2018-06-04
263.100006,2018-06-05
264.950012,2018-06-06
267.100006,2018-06-07
267.299988,2018-06-08
264.0,2018-06-11
267.5,2018-06-12
269.350006,2018-06-13
277.950012,2018-06-14
272.799988,2018-06-15
274.799988,2018-06-18
266.450012,2018-06-19
261.100006,2018-06-20
257.75,2018-06-21
262.049988,2018-06-22
263.700012,2018-06-25
266.700012,2018-06-26
264.850006,2018-06-27
263.649994,2018-06-28
269.450012,2018-06-29
264.100006,2018-07-02
280.950012,2018-07-03
278.25,2018-07-04
271.299988,2018-07-05
266.850006,2018-07-06
275.049988,2018-07-09
275.450012,2018-07-10
270.0,2018-07-11
265.850006,2018-07-12
258.850006,2018-07-13
243.0,2018-07-16
247.75,2018-07-17
238.69999700000002,2018-07-18
233.69999700000002,2018-07-19
238.55000299999998,2018-07-20
243.0,2018-07-23
245.899994,2018-07-24
237.30000299999998,2018-07-25
239.350006,2018-07-26
242.44999700000002,2018-07-27
242.19999700000002,2018-07-30
247.0,2018-07-31
235.899994,2018-08-01
235.94999700000002,2018-08-02
234.649994,2018-08-03
239.44999700000002,2018-08-06
237.600006,2018-08-07
236.100006,2018-08-08
237.19999700000002,2018-08-09
233.100006,2018-08-10
234.55000299999998,2018-08-13
237.55000299999998,2018-08-14
239.100006,2018-08-16
242.149994,2018-08-17
244.94999700000002,2018-08-20
240.600006,2018-08-21
235.19999700000002,2018-08-23
231.44999700000002,2018-08-24
236.649994,2018-08-27
233.850006,2018-08-28
234.75,2018-08-29
236.19999700000002,2018-08-30
234.899994,2018-08-31
236.80000299999998,2018-09-03
223.899994,2018-09-04
221.850006,2018-09-05
220.649994,2018-09-06
223.25,2018-09-07
222.75,2018-09-10
216.350006,2018-09-11
222.350006,2018-09-12
233.149994,2018-09-14
235.94999700000002,2018-09-17
234.649994,2018-09-18
234.44999700000002,2018-09-19
234.05000299999998,2018-09-21
232.30000299999998,2018-09-24
235.600006,2018-09-25
234.5,2018-09-26
232.100006,2018-09-27
233.19999700000002,2018-09-28
230.5,2018-10-01
227.600006,2018-10-03
218.149994,2018-10-04
209.399994,2018-10-05
214.44999700000002,2018-10-08
216.100006,2018-10-09
228.100006,2018-10-10
224.350006,2018-10-11
228.69999700000002,2018-10-12
234.05000299999998,2018-10-15
234.5,2018-10-16
231.100006,2018-10-17
227.649994,2018-10-19
223.5,2018-10-22
218.899994,2018-10-23
220.100006,2018-10-24
222.30000299999998,2018-10-25
218.0,2018-10-26
219.600006,2018-10-29
226.899994,2018-10-30
218.05000299999998,2018-10-31
217.600006,2018-11-01
217.44999700000002,2018-11-02
219.0,2018-11-05
214.350006,2018-11-06
215.55000299999998,2018-11-07
210.05000299999998,2018-11-09
214.399994,2018-11-12
219.899994,2018-11-13
217.94999700000002,2018-11-14
221.399994,2018-11-15
222.0,2018-11-16
224.0,2018-11-19
216.100006,2018-11-20
219.100006,2018-11-21
215.850006,2018-11-22
217.69999700000002,2018-11-26
217.649994,2018-11-27
215.44999700000002,2018-11-28
219.0,2018-11-29
219.0,2018-11-30
215.44999700000002,2018-12-03
209.600006,2018-12-04
211.5,2018-12-05
207.949997,2018-12-06
206.399994,2018-12-07
198.550003,2018-12-10
202.649994,2018-12-11
212.19999700000002,2018-12-12
212.05000299999998,2018-12-13
212.30000299999998,2018-12-14
210.44999700000002,2018-12-17
209.80000299999998,2018-12-18
210.69999700000002,2018-12-19
210.80000299999998,2018-12-20
215.600006,2018-12-21
219.19999700000002,2018-12-24
218.69999700000002,2018-12-26
220.899994,2018-12-27
220.55000299999998,2018-12-28
219.399994,2018-12-31
219.100006,2019-01-01
214.80000299999998,2019-01-02
210.350006,2019-01-03
214.0,2019-01-04
214.899994,2019-01-07
214.850006,2019-01-08
212.600006,2019-01-09
213.850006,2019-01-10
212.19999700000002,2019-01-11
213.100006,2019-01-14
214.399994,2019-01-15
216.25,2019-01-16
218.80000299999998,2019-01-17
215.94999700000002,2019-01-18
210.100006,2019-01-21
211.600006,2019-01-22
210.44999700000002,2019-01-23
210.55000299999998,2019-01-24
206.899994,2019-01-25
208.550003,2019-01-28
205.800003,2019-01-29
204.149994,2019-01-30
204.600006,2019-01-31
204.25,2019-02-01
200.300003,2019-02-04
185.850006,2019-02-05
188.350006,2019-02-06
190.149994,2019-02-07
185.550003,2019-02-08
179.75,2019-02-11
186.050003,2019-02-12
188.5,2019-02-14
185.600006,2019-02-15
182.550003,2019-02-18
184.75,2019-02-19
188.550003,2019-02-20
189.949997,2019-02-21
189.75,2019-02-22
191.050003,2019-02-25
191.550003,2019-02-26
193.199997,2019-02-27
193.949997,2019-02-28
197.600006,2019-03-01
197.600006,2019-03-05
197.800003,2019-03-06
196.550003,2019-03-07
193.199997,2019-03-08
202.350006,2019-03-11
204.949997,2019-03-12
203.0,2019-03-13
206.399994,2019-03-14
203.449997,2019-03-15
200.600006,2019-03-18
203.550003,2019-03-19
198.0,2019-03-20
195.800003,2019-03-22
196.050003,2019-03-25
196.0,2019-03-26
196.449997,2019-03-27
199.25,2019-03-28
208.0,2019-04-01
211.30000299999998,2019-04-02
208.050003,2019-04-03
210.850006,2019-04-04
211.55000299999998,2019-04-05
211.80000299999998,2019-04-08
210.600006,2019-04-09
208.399994,2019-04-10
214.600006,2019-04-11
214.94999700000002,2019-04-12
216.44999700000002,2019-04-15
215.30000299999998,2019-04-16
208.350006,2019-04-18
209.050003,2019-04-22
209.550003,2019-04-23
208.899994,2019-04-24
211.05000299999998,2019-04-25
213.19999700000002,2019-04-26
209.100006,2019-04-30
206.350006,2019-05-02
204.0,2019-05-03
202.949997,2019-05-06
199.850006,2019-05-07
199.5,2019-05-08
198.600006,2019-05-09
198.449997,2019-05-10
199.5,2019-05-13
200.350006,2019-05-14
198.75,2019-05-15
220.600006,2019-05-16
235.30000299999998,2019-05-17
235.75,2019-05-20
232.149994,2019-05-21
234.0,2019-05-22
230.30000299999998,2019-05-23
234.55000299999998,2019-05-24
233.399994,2019-05-27
237.25,2019-05-28
234.25,2019-05-29
236.75,2019-05-30
243.05000299999998,2019-05-31
244.44999700000002,2019-06-03
253.350006,2019-06-04
252.149994,2019-06-06
256.399994,2019-06-07
252.75,2019-06-10
255.44999700000002,2019-06-11
254.649994,2019-06-12
253.80000299999998,2019-06-13
247.100006,2019-06-14
245.5,2019-06-17
247.55000299999998,2019-06-18
245.19999700000002,2019-06-19
256.0,2019-06-20
261.549988,2019-06-21
259.350006,2019-06-24
259.25,2019-06-25
272.25,2019-06-26
273.950012,2019-06-27
269.700012,2019-06-28
271.350006,2019-07-01
271.799988,2019-07-02
271.600006,2019-07-03
269.700012,2019-07-04
266.649994,2019-07-05
263.450012,2019-07-08
263.5,2019-07-09
251.600006,2019-07-10
256.049988,2019-07-11
257.950012,2019-07-12
254.30000299999998,2019-07-15
259.649994,2019-07-16
257.0,2019-07-17
254.94999700000002,2019-07-18
248.75,2019-07-19
252.05000299999998,2019-07-22
250.399994,2019-07-23
249.69999700000002,2019-07-24
251.100006,2019-07-25
258.049988,2019-07-26
256.049988,2019-07-29
249.5,2019-07-30
252.25,2019-07-31
259.049988,2019-08-01
265.450012,2019-08-02
260.850006,2019-08-05
270.600006,2019-08-06
269.299988,2019-08-07
270.850006,2019-08-08
265.5,2019-08-09
263.649994,2019-08-13
266.899994,2019-08-14
266.850006,2019-08-16
268.149994,2019-08-19
265.899994,2019-08-20
260.649994,2019-08-21
258.600006,2019-08-22
265.75,2019-08-23
269.25,2019-08-26
266.350006,2019-08-27
280.0,2019-08-28
274.399994,2019-08-29
278.549988,2019-08-30
271.200012,2019-09-03
266.950012,2019-09-04
264.549988,2019-09-05
262.549988,2019-09-06
263.799988,2019-09-09
259.200012,2019-09-11
262.299988,2019-09-12
259.049988,2019-09-13
257.549988,2019-09-16
255.899994,2019-09-17
259.700012,2019-09-18
254.75,2019-09-19
267.450012,2019-09-20
272.399994,2019-09-23
274.899994,2019-09-24
279.5,2019-09-25
279.700012,2019-09-26
281.950012,2019-09-27
276.049988,2019-09-30
270.799988,2019-10-01
268.21729209213,2019-10-03
260.9711587000833,2019-10-04
265.600006,2019-10-07
265.8562259112,2019-10-09
266.5,2019-10-10
